Active	Cat	Pack	Ver	Title	Artist	Album	Runtime
Checked	R2			1973	JAMES BLUNT		03:55
Checked	G2			1996	T.LOVE		04:17
Checked	G2			2 BECOME 1	SPICE GIRLS		03:54
Checked	R2			21 GUNS	GREEN DAY		05:21
Checked	R1			24k Magic	Bruno Mars	Billboard Top 100 Hits 2017	03:43
Checked	G2			4 PORY	HEY		02:51
Checked	R1			7 DAYS	CRAIG DAVID		03:35
Checked	G2			7 SECONDS	YOUSSOU N'DOUR & NENEH CHERRY		04:53
Checked	G2			74-75	THE CONNELS		04:28
Checked	R2			A Bar Song (Tipsy)	Shaboozey	A Bar Song (Tipsy)	02:50
Checked	G2			A GIRL LIKE YOU	EDWYN COLLINS		03:50
Checked	G1			A KIND OF MAGIC	Queen		04:14
Checked	R2			A NEW DAY HAS COME	CELINE DION		04:09
Checked	R1			A Sky Full of Stars	Coldplay		04:23
Checked	R1			A THOUSAND MILES	VANESSA CARLTON		03:54
Checked	R2			A WOMAN'S WORTH	Alicia Keys		04:07
Checked	R2			ACCIDENTALLY IN LOVE	Counting Crows		03:06
Checked	R2			ACIDLAND	MYSLOVITZ		04:09
Checked	G2			Addicted to Love	Robert Palmer		03:52
Checked	R1			Adventure Of A Lifetime	Coldplay		03:39
Checked	G1			AFRICA	TOTO		04:49
Checked	G2			AGAIN	LENNY KRAVITZ		03:42
Checked	G1			AGAINST ALL ODDS	Phil Collins		03:20
Checked	G1			Ain't Nobody	Chaka Khan		03:13
Checked	G2			AISHA	MAGMA		03:59
Checked	CF1			Ale jazz	sanah & Vito Bambino		03:04
Checked	G1			ALE JESTEM	ANNA MARIA JOPEK		02:57
Checked	G2			ALE WKOLO JEST WESOLO	PERFECT		03:49
Checked	G1			ALEJĄ GWIAZD	ZDZISŁAWA SOŚNICKA		03:58
Checked	G2			ALL 'BOUT THE MONEY	MEJA		02:52
Checked	G2			ALL FOR LOVE	BRYAN ADAMS & ROD STEWART & STING		04:36
Checked	R1			All Good Things (Come to an End)	Nelly Furtado		03:33
Checked	G1			ALL I WANNA DO	SHERYL CROW		04:27
Checked	R2			All Out Of Fight	P!nk	TRUSTFALL (Tour Deluxe Edition)	03:27
Checked	G1			ALL THAT SHE WANTS	ACE OF BASE		03:24
Checked	SP1			ALL YOU NEED IS LOVE	THE BEATLES		03:31
Checked	G1			ALONE	HEART		03:35
Checked	NB			ALWAYS	BON JOVI		05:46
Checked	G2			ALWAYS ON MY MIND	PET SHOP BOYS		03:46
Checked	G2			AMAZING	AEROSMITH		05:52
Checked	R2			AMERICA	RAZORLIGHT		04:04
Checked	R2			AMERICAN BOY	ESTELLE & KANYE WEST		03:56
Checked	R2			AMERICAN PIE	Madonna		04:24
Checked	R2			ANGEL	SHAGGY		03:53
Checked	G1			Angels	Robbie Williams		04:20
Checked	SP2			ANOTHER BRICK IN THE WALL	PINK FLOYD		03:38
Checked	NB			ANOTHER DAY IN PARADISE	Phil Collins		05:11
Checked	R2			ANOTHER DAY IN PARADISE	BRANDY		04:16
Checked	G1			ANOTHER ONE BITES THE DUST	Queen		03:31
Checked	R1			ANTIDOTUM	KASIA KOWALSKA		03:51
Checked	G2			ANYBODY SEEN MY BABY	ROLLING STONES		04:28
Checked	CF1			APT.	ROSÉ & Bruno Mars	APT.	02:47
Checked	R2			ASEREJE	LAS KETCHUP		03:24
Checked	R1			Attention	Charlie Puth	Billboard Top 100 Hits 2017	03:25
Checked	R1			AURA	Mrozu		03:30
Checked	G1			AUTOBIOGRAFIA	PERFECT		04:26
Checked	CF1			Azizam	Ed Sheeran		02:39
Checked	SP2			Baba O'Riley	THE WHO		05:05
Checked	G2			BABOOSHKA	KATE BUSH		03:23
Checked	G2			BABY I LOVE YOUR WAY	BIG MOUTAIN		04:22
Checked	G1			BABY JANE	ROD STEWART		04:36
Checked	G1			BACK FOR GOOD	TAKE THAT		03:52
Checked	G1			BAD	Michael Jackson	BAD	04:04
Checked	R1			Bad Day	Daniel Powter		03:48
Checked	CF1			Bad Dreams	Teddy Swims	Bad Dreams	03:01
Checked	G2			BAILAMOS	ENRIQUE IGLESIAS		03:21
Checked	G2			BAL WSZYSTKICH SWIETYCH	BUDKA SUFLERA		04:22
Checked	CF2			Ballada o Niej	DARIA ZAWIAŁOW	Dziewczyna Pop	04:19
Checked	R2			Be Mine	Ofenbach	Best Of 2017 - Sommerhits	02:39
Checked	R2			Be The One	Dua Lipa	Dua Lipa (deluxe)	03:19
Checked	G2			BE WITH YOU	ENRIQUE IGLESIAS		03:34
Checked	G1			BEAT IT	Michael Jackson		04:08
Checked	G1			Beautiful Day	U2		03:50
Checked	CF1			Beautiful Things	Benson Boone	Beautiful Things	02:55
Checked	G2			BED OF ROSES	BON JOVI		06:25
Checked	R2			BEFORE YOU GO	LEWIS CAPALDI		03:30
Checked	R2			Beggin'	Måneskin		03:27
Checked	G1			Believe	CHER		04:12
Checked	R1			Believer	Imagine Dragons		03:20
Checked	R1			Belong Together	Mark Ambor	Belong Together	02:25
Checked	G1			Bette Davis Eyes	KIM CARNES		03:37
Checked	SP2			BIALY KRZYZ	CZERWONE GITARY		03:07
Checked	G2			BIG BIG WORLD	EMILIA		03:18
Checked	G1			BILLIE JEAN	Michael Jackson		04:45
Checked	CF1			BIRDS OF A FEATHER	Billie Eilish	HIT ME HARD AND SOFT	03:27
Checked	G1			BITTER SWEET SYMPHONY	THE VERVE		04:28
Checked	G2			BLACK & WHITE	KOMBI	best of kombi	03:49
Checked	G1			BLACK OR WHITE	Michael Jackson		03:15
Checked	G2			BLACK VELVET	ALANNAH MYLES		03:35
Checked	R1			BLANK SPACE	Taylor Swift		03:50
Checked	R1			BLEEDING LOVE	LEONA LEWIS		04:19
Checked	R1			Blinding Lights	The Weeknd	Billboard Top 100 of 2022	03:17
Checked	G2			BLUE EYES BLUE	ERIC CLAPTON		04:15
Checked	R1			BO JESTES TY	KRZYSZTOF KRAWCZYK		03:27
Checked	R2			BOHEMA	WILKI		03:39
Checked	SP2			BOHEMIAN RAPSODY	Queen		05:38
Checked	R1			Bones	Imagine Dragons	Billboard Top 100 of 2022	02:38
Checked	G1			BORN IN THE U.S.A	Bruce Springsteen		04:29
Checked	R2			Boso	Zakopower	Boso	04:47
Checked	R1			BOULEVARD OF BROKEN DREAMS	GREEN DAY		04:18
Checked	G2			BRACKA	GRZEGORZ TURNAU		04:53
Checked	G2			Breakfast At Tiffany's	Deep Blue Something		04:12
Checked	G1			BREATHLESS	The Corrs		03:24
Checked	R2			BROKEN STRINGS	JAMES MORRISON FT. NELLY FURTADO		04:06
Checked	G2			Broken Wings	Mr. Mister		04:28
Checked	R1			Budapest	George Ezra		03:20
Checked	G2			BUDZIKOM SMIERC	PIASEK		04:41
Checked	R2			BULLETPROOF (RADIO EDIT)	LA ROUX		03:24
Checked	R2			Bumerang	Ewa Farna		03:13
Checked	G1			BYLAS SERCA BICIEM	ANDRZEJ ZAUCHA		04:17
Checked	CF2			było, minęło	sanah	było, minęło	03:24
Checked	CF2			Byłominęło	Kwiat Jabłoni	Byłominęło	03:41
Checked	SP1			CALIFORNIA DREAMIN'	THE MAMAS & THE PAPAS		02:35
Checked	R2			Californication	RED HOT CHILLI PEPPERS		05:16
Checked	SP2			Całkiem Nowa Bajka	Kleks & Igo & Kaska Sochacka & Mrozu & Artur Rojek & Brodka & Ralph Kaminski & Bedoes 2115 & Sokół	Całkiem Nowa Bajka	03:08
Checked	CF2			Cały czas	Oskar Cyms	Cały czas	02:44
Checked	G1			CAN YOU FEEL THE LOVE	ELTON JOHN		03:57
Checked	SP2			CANCION DE MARIACHI	LOS LOBOS		02:02
Checked	G2			Canned Heat (Radio Edit)	Jamiroquai		03:41
Checked	R1			Can't Feel My Face	The Weeknd	Billboard Usa Top 100 Hits 2016	03:28
Checked	R2			CAN'T FIGHT THE MOONLIGHT	LeAnn Rimes		03:32
Checked	R1			CAN'T GET YOU OUT OF MY HEAD	KYLIE MINOGUE		03:47
Checked	R2			CAN'T STOP LOVING YOU	Phil Collins		04:08
Checked	R1			Can't Stop The Feeling!	Justin Timberlake		03:53
Checked	G1			Careless Whisper	GEORGE MICHAEL		04:53
Checked	CF2			Carry You Home	Alex Warren	Carry You Home	02:43
Checked	SP1			CELEBRATION	KOOL & THE GANG		04:52
Checked	G2			C'EST LA VIE - PARYZ Z POCZTOWKI	ANDRZEJ ZAUCHA		04:35
Checked	R2			Chained To The Rhythm (Feat. Skip Marley)	Katy Perry	Billboard Top 100 Hits 2017	03:53
Checked	G2			CHANGE THE WORLD	ERIC CLAPTON		03:51
Checked	R1			Chasing Pavements	Adele		03:26
Checked	G1			CHCEMY BYC SOBA	PERFECT		05:19
Checked	R2			Chciałem być	KRZYSZTOF KRAWCZYK	Concert Hits	03:33
Checked	R1			Cheap Thrills	Sia		03:24
Checked	G2			CHERISH	Madonna		03:45
Checked	G2			CHINA IN YOUR HAND	T-PAU		03:58
Checked	G1			CHLOPAKI NIE PLACZA	T.LOVE		03:11
Checked	G2			CIRCLE IN THE SAND	BELINDA CARLISLE		04:10
Checked	G2			CIRCLE OF LIFE	ELTON JOHN		04:47
Checked	R2			CISZA	KAMIL BEDNAREK		03:37
Checked	R1			CLOCKS	Coldplay		04:09
Checked	R2			Closer	The Chainsmokers & Halsey	Billboard Top 100 of 2022	04:03
Checked	G2			Closing Time	Semisonic		03:47
Checked	G2			CLUB TROPICANA	WHAM		04:23
Checked	CF2			Co ja robię tu	LANBERRY	Co ja robię tu	02:35
Checked	G1			CO MI PANIE DASZ	BAJM		03:30
Checked	CF1			Co noc	Oskar Cyms	Co noc	02:33
Checked	G2			CO TY TUTAJ ROBISZ	ELEKTRYCZNE GITARY		03:13
Checked	R1			Cold Heart (Pnau Remix)	Elton John & Dua Lipa	Billboard Top 100 of 2022	03:19
Checked	G2			COME UNDONE	DURAN DURAN		04:10
Checked	R1			COMPLICATED	AVRIL LAVIGNE		04:01
Checked	R2			CORAZON ESPINADO	CARLOS SANTANA		04:27
Checked	G2			COS OPTYMISTYCZNEGO	KASIA KOWALSKA		03:17
Checked	G2			COSE DELLA VITA	EROS RAMAZZOTTI & TINA TURNER		04:40
Checked	G2			COSMIC GIRL	Jamiroquai		03:42
Checked	G2			Could You Be Loved	Joe Cocker		04:05
Checked	R1			Counting Stars	OneRepublic		04:14
Checked	R1			Crazy	Gnarls Barkley		02:57
Checked	G2			Crazy	Seal		04:53
Checked	G2			Crazy	AEROSMITH		05:05
Checked	R2			Crazy in Love	Beyoncé		03:52
Checked	SP1			CRAZY LITTLE THING CALLED LOVE	Queen		02:35
Checked	R1			Cruel Summer	Taylor Swift	Lover	02:55
Checked	R2			CRY ME A RIVER	Justin Timberlake		04:46
Checked	G2			CRYIN'	AEROSMITH		05:04
Checked	F1			Cyrk	LANBERRY	Cyrk	03:01
Checked	SP2			CZARNY ALIBABA	ANDRZEJ ZAUCHA		03:40
Checked	NB			CZAS NAS UCZY POGODY	SOYKA		06:48
Checked	R1			CZERWONE KORALE	BRATHANKI		03:29
Checked	G2			CZLOWIEK Z LISCIEM NA GLOWIE	ELEKTRYCZNE GITARY		02:48
Checked	SP2			CZY MNIE JESZCZE PAMIETASZ	CZESLAW NIEMEN		02:57
Checked	G2			CZY ONA JEST	NATALIA KUKULSKA	PLUS	03:51
Checked	R2			Dach	TABB & SOUND'N'GRACE		03:45
Checked	R2			Dance All Over Me	George Ezra		03:36
Checked	NB			DANCE ME TO THE END OF LOVE	LEONARD COHEN		05:24
Checked	R2			DANCING IN THE MOONLIGHT	Toploader		03:41
Checked	SP1			DANCING QUEEN	ABBA		03:42
Checked	G2			DARY LOSU	RYSZARD RYNKOWSKI		04:14
Checked	R1			Dernière danse	INDILA		03:32
Checked	CF1			Die With A Smile	LADY GAGA & Bruno Mars	Die With A Smile	04:03
Checked	R2			DILEMMA	NELLY & KELLY ROWLAND		04:44
Checked	G2			DIRTY DIANA	Michael Jackson	BAD	04:37
Checked	R1			DLA CIEBIE	MYSLOVITZ		03:39
Checked	G1			Długość Dźwięku Samotności	MYSLOVITZ		03:59
Checked	R1			DMUCHAWCE, LATAWCE, WIATR	Ewa Farna		03:54
Checked	SP2			DNI KTORYCH NIE ZNAMY	MAREK GRECHUTA		04:50
Checked	G1			DO KOLYSKI	DZEM		04:22
Checked	R2			Do Nieba Do Piekła	BLUE CAFE	DEMI-SEC	02:40
Checked	SP2			DO YA THINK I'M SEXY?	ROD STEWART		04:15
Checked	R2			Do You Good	Morcheeba		03:31
Checked	R2			DOBRE MYŚLI	SYLWIA GRZESZCZAK & LIBER		03:18
Checked	CF2			Doctor (Work It Out) [feat. Miley Cyrus]	Pharrell Williams	Doctor (Work It Out) [feat. Miley Cyrus]	02:58
Checked	R2			Don't	Ed Sheeran		03:35
Checked	NB			Don't Give Up	Peter Gabriel & Kate Bush		05:51
Checked	R2			DON'T KNOW WHY	NORAH JONES		02:59
Checked	G2			Don't Let Go (Love)	EN VOGUE	EV3	04:00
Checked	G1			Don't Look Back In Anger	Oasis		04:46
Checked	R2			Don't Panic	Coldplay	Parachutes	02:13
Checked	G1			DON'T SPEAK	NO DOUBT		04:13
Checked	R1			Don't Start Now	Dua Lipa	Billboard Top 100 of 2022	02:58
Checked	G2			Don't Stop Believin'	Journey		04:05
Checked	R2			DON'T TELL ME	Madonna		04:10
Checked	G2			Dotyk	EDYTA GORNIAK		04:17
Checked	G2			DOWN UNDER	MEN AT WORK		03:32
Checked	G1			Dreams	THE CRANBERIES		04:25
Checked	SP2			DUMKA NA DWA SERCA	EDYTA GORNIAK		04:11
Checked	SP2			DUST IN THE WIND	KANSAS		03:12
Checked	G2			Dzieci Wybiegly	ELEKTRYCZNE GITARY	Wycieczka W Góry	02:53
Checked	R2			DZIEWCZYNA MOJEGO CHŁOPAKA	MONIKA BRODKA		03:26
Checked	G2			Dziewczyna szamana	JUSTYNA STECZKOWSKA		03:13
Checked	G2			DZIEWCZYNY LUBIA BRAZ	RYSZARD RYNKOWSKI		04:29
Checked	CF1			Dzięki, że jesteś	LANBERRY & Tribbs	Dzięki, że jesteś	02:27
Checked	CF2			Dziwna	DARIA ZAWIAŁOW & Artur Rojek		02:36
Checked	SP2			DZIWNY JEST TEN SWIAT	CZESLAW NIEMEN		03:33
Checked	G2			Earth Song (Radio Edit)	Michael Jackson		04:55
Checked	SP1			EASY	THE COMMODORES		03:58
Checked	G1			EASY LOVER	Phil Collins	Serious Hits... Live!	04:30
Checked	R2			Easy On Me	Adele	Billboard Top 100 of 2022	03:39
Checked	SP2			Eleanor Rigby	THE BEATLES		02:03
Checked	R2			ELEVATION	U2	TOMB RIDER SOUNDTRACK	03:32
Checked	R2			Empire State of Mind (Pt. II) Broken Down	Alicia Keys		03:32
Checked	CF2			End of the World	Miley Cyrus		03:54
Checked	G1			ENGLISHMAN IN NEW YORK	STING		04:09
Checked	G1			ENJOY THE SILENCE	DEPECHE MODE		04:08
Checked	G2			ERASE/REWIND	THE CARDIGANS		03:33
Checked	CF1			Espresso	Sabrina Carpenter	Short n' Sweet	02:51
Checked	G2			ETERNAL FLAME	ATOMIC KITTEN		03:04
Checked	R2			ETERNITY	Robbie Williams		04:21
Checked	G2			EVERY BEAT OF MY HEART	ROD STEWART		05:13
Checked	G1	EVER		Every Breath You Take	The Police		03:59
Checked	G1			EVERYBODY HURTS	R.E.M.		05:11
Checked	G1			EVERYBODY WANTS TO RULE THE WORLD	TEARS FOR FEARS	Songs from the Big Chair	04:03
Checked	G2			EVERYDAY IS A WINDING ROAD	SHERYL CROW		04:03
Checked	G2			EVERYWHERE	Fleetwood Mac		03:37
Checked	CF2			Eviva l’arte! (K. Przerwa-Tetmajer)	sanah	Eviva l’arte! (K. Przerwa-Tetmajer)	03:33
Checked	SP1			Eye of the Tiger	Survivor		03:42
Checked	G2			FADING LIKE A FLOWER	ROXETTE		03:43
Checked	R1			FALLIN	Alicia Keys		03:11
Checked	R2			Fast Car	Luke Combs	Gettin' Old	04:20
Checked	G2			Fast Car	TRACY CHAPMAN		04:51
Checked	G2			FASTLOVE	GEORGE MICHAEL		05:21
Checked	R1			FEEL	Robbie Williams		03:38
Checked	R2			Feeling Good	MICHAEL BUBLE		03:48
Checked	R2			Feels (feat. Pharrell Williams, Katy Perry & Big Sean)	Calvin Harris		03:41
Checked	CF1			feelslikeimfallinginlove	Coldplay	feelslikeimfallinginlove	03:53
Checked	G1			FIELDS OF GOLD	STING		03:32
Checked	CF1			FIFI HOLLYWOOD	DARIA ZAWIAŁOW		02:53
Checked	R2			FIREFLIES	OWL CITY		03:41
Checked	G2			FLECIKI	KAYAH		04:41
Checked	CF1			Flowers	Miley Cyrus	Flowers	03:16
Checked	G2			FLY AWAY	LENNY KRAVITZ		03:02
Checked	G1			FOOTLOSE	KENNY LOGGINS		03:44
Checked	G1			FOREVER YOUNG	ALPHAVILLE		03:33
Checked	R2			FORGET ME	LEWIS CAPALDI		03:20
Checked	R2			Forget You	CEE LO GREEN		03:39
Checked	G2			FRAGILE	STING		03:42
Checked	G2			FREEDOM	WHAM	Make It Big	05:15
Checked	R2			FREEDOM	Pharrell Williams		02:41
Checked	R2			FREELOVE	DEPECHE MODE		03:53
Checked	G2			FRIDAY I'M IN LOVE	The Cure		03:28
Checked	R2			FROM SARAH WITH LOVE	SARAH CONNOR		04:14
Checked	G2			FROZEN	Madonna		06:02
Checked	CF2			Galileo Galilei	Aden Foyer	The Ballet Girl	03:17
Checked	SP2			GDY NIE MA DZIECI	KULT		02:54
Checked	SP2			GDYBYS KOCHAL, HEJ!	BREAKOUT		03:04
Checked	G1			GENIE IN A BOTTLE	CHRISTINA AGUILERA		03:36
Checked	R2			Geronimo	Sheppard		03:34
Checked	R1			Get Lucky (feat. Pharrell Williams) [Radio Edit]	Daft Punk		04:02
Checked	SP1			GIMMIE! GIMMIE! GIMMIE! (A MAN AFTER MIDNIGHT)	ABBA		04:40
Checked	SP2			GIRL YOU'LL BE A WOMAN SOON	NEIL DIAMOND		03:07
Checked	G1			GIRLS JUST WANNA HAVE FUN	CYNDI LAUPER		03:44
Checked	R2			GITAN	GAROU		03:56
Checked	G2			GOLDEN EYE	Tina Turner		03:25
Checked	R2			GOODBYE MY LOVER	JAMES BLUNT		03:51
Checked	R2			GOTOWI NA WSZYSTKO	FEEL & LANBERRY		03:34
Checked	R1			GRACE KELLY	MIKA		03:01
Checked	R2			greedy	Tate McRae	greedy	02:09
Checked	R2			GYPSY	SHAKIRA		03:13
Checked	NB			HALLELUJAH	LEONARD COHEN		06:48
Checked	R1			HAPPY	Pharrell Williams		03:50
Checked	G2			HAVE I TOLD YOU LATELY THAT I LOVE YOU	ROD STEWART		03:55
Checked	NB			HEAL THE WORLD	Michael Jackson	Dangerous	05:23
Checked	R2			Heat Waves	Glass Animals	Billboard Top 100 of 2022	03:55
Checked	G1			HEAVEN	BRYAN ADAMS		03:52
Checked	G1			HEAVEN IS A PLACE ON EARTH	BELINDA CARLISLE	Heaven on Earth	03:58
Checked	R2			Hej Hej!	DARIA ZAWIAŁOW	Helsinki	03:43
Checked	R2			HEJ WY	KORTEZ		04:00
Checked	G1			Hello	LIONEL RICHIE		04:00
Checked	R2			Hello (Radio Edit)	Adele		04:09
Checked	SP1			HELP	THE BEATLES		02:15
Checked	CF2			HERBATA Z IMBIREM	SMOLASTY		02:26
Checked	G1			HERE COMES THE RAIN AGAIN	Eurythmics		04:53
Checked	R2			HERE WITH ME (ALBUM VERSION)	DIDO		04:07
Checked	R2			HERE WITHOUT YOU	3 DOORS DOWN	Away from the Sun	03:51
Checked	G1			HERO	Mariah Carey		04:16
Checked	SP2			HEY JUDE	THE BEATLES		06:46
Checked	R2			Hey Ya! (Radio Mix / Club Mix)	Outkast		03:55
Checked	R2			HIGH	JAMES BLUNT		03:58
Checked	G2			HIGH	Lighthouse Family		04:33
Checked	CF2			hip hip hura!	sanah	hip hip hura!	04:08
Checked	G2			HISTORIA JEDNEJ MILOSCI	ANITA LIPNICKA		04:00
Checked	F1			HIT THE ROAD JACK	RAY CHARLES		01:50
Checked	G2			HOLD ME, THRILL ME, KISS ME, KILL ME	U2		04:37
Checked	G2			Hold On	WILSON PHILIPS		04:12
Checked	SP1			HOLD THE LINE	TOTO		03:54
Checked	G2			HOLDING OUT FOR A HERO	BONNIE TYLER		05:35
Checked	SP2			Hotel California	THE EAGLES		06:19
Checked	CF1			Houdini	Dua Lipa	Houdini	03:03
Checked	G2			HOW AM I SUPPOSED TO LIVE WITHOUT YOU	MICHAEL BOLTON		04:10
Checked	SP1			How Deep Is Your Love	Bee Gees		03:55
Checked	G2			HOW DO YOU DO	ROXETTE		03:03
Checked	R2			HOW YOU REMIND ME	NICKELBACK		03:37
Checked	R1			Human	Rag'n'Bone Man		03:14
Checked	G2			HUMAN NATURE	Michael Jackson	THRILLER	04:00
Checked	G2			HUNGRY LIKE A WOLF	DURAN DURAN		03:22
Checked	R2			Huragan (Album Mix)	Mrozu		03:20
Checked	R1			HYMN FOR THE WEEKEND	Coldplay		03:40
Checked	R1			I Ain't Worried	OneRepublic	Billboard Top 100 of 2022	02:26
Checked	G2			I CAN SEE CLEARLY NOW	JIMMY CLIFF		03:04
Checked	G2			I CAN'T DANCE	GENESIS		03:49
Checked	G2			I CAN'T STOP LOVING YOU	TOTO		04:21
Checked	R1		Męskie Granie Orkiestra 2021	I Ciebie też, bardzo	Daria Zawiałow &  Dawid Podsiadło & Vito Bambino		03:20
Checked	R2			I DON'T FEEL LIKE DANCIN'	SCISSOR SISTERS		04:29
Checked	G2			I DON'T WANNA FIGHT	Tina Turner		04:16
Checked	G2			I DON'T WANNA GO ON WITH YOU LIKE THAT	ELTON JOHN		03:50
Checked	G2			I DON'T WANNA LOSE YOU	Tina Turner		04:06
Checked	G1			I DON'T WANNA MISS A THING	AEROSMITH		04:47
Checked	R1			I FEEL IT COMING	THE WEEKND FT. DAFT PUNK		03:46
Checked	SP1			I GOT YOU (I FEEL GOOD)	JAMES BROWN		02:44
Checked	G1			I JUST CALLED TO SAY I LOVE YOU	Stevie Wonder		04:17
Checked	G1			I JUST DIED IN YOUR ARMS	CUTTING CREW		04:41
Checked	G2			I LOVE YOU ALWAYS FOREVER	DONNA LEWIS		03:51
Checked	R2			I Need a Dollar	Aloe Blacc		04:01
Checked	R2			I See Fire	Ed Sheeran		04:51
Checked	SP2			I SHOT THE SHERRIF	ERIC CLAPTON		04:16
Checked	G2			I SHOULD BE SO LUCKY	KYLIE MINOGUE		03:18
Checked	G1			I STILL HAVEN`T WHAT I`M LOOKING FOR	U2		04:26
Checked	G2			I Swear	All-4-One		03:39
Checked	G2			I Try	Macy Gray		03:50
Checked	G2			I TURN TO YOU	MELANIE C	NORTHERN STAR	05:41
Checked	G1			I Wanna Dance with Somebody (Who Loves Me)	Whitney Houston		04:42
Checked	G1			I WANT IT THAT WAY	BACKSTREET BOYS		03:27
Checked	G2			I Want to Know What Love Is	Foreigner		04:50
Checked	G1			I WILL ALWAYS LOVE YOU	Whitney Houston		04:12
Checked	SP1			I WILL SURVIVE	GLORIA GAYNOR		03:03
Checked	G2			I WISH IT WOULD RAIN DOWN	Phil Collins		05:23
Checked	G1			IF I COULD TURN BACK TIME	CHER		03:53
Checked	G2			IF I EVER LOSE MY FAITH IN YOU	STING		04:19
Checked	R2			IF I TOLD YOU THAT	Whitney Houston		03:58
Checked	R2			IF I WERE A BOY	Beyoncé		04:05
Checked	G2			IF YOU DON'T KNOW ME BY NOW	Simply Red		03:20
Checked	G2			IF YOU HAD MY LOVE	Jennifer Lopez		03:38
Checked	G2			I'LL BE MISSING YOU	PUFF DADDY & FAITH EVANS		03:24
Checked	G2			I'LL BE THERE FOR YOU	REMBRANDTS		02:58
Checked	R2			Illusion	Dua Lipa	Illusion	03:07
Checked	SP1			I'm a Believer	The Monkees		02:40
Checked	G2			I'M EASY	FAITH NO MORE		02:59
Checked	R2			I'M GONNA GETCHA GOOD!	SHANIA TWAIN		04:28
Checked	R1			I'M LIKE BIRD	Nelly Furtado		03:33
Checked	G1			I'M STILL STANDING	ELTON JOHN		02:56
Checked	G2			IM WIĘCEJ CIEBIE TYM MNIEJ	NATALIA KUKULSKA		04:36
Checked	R2			I'M WITH YOU	AVRIL LAVIGNE		03:41
Checked	R1			I'M YOURS	JASON MRAZ		03:30
Checked	R1			IMITATION OF LIFE	R.E.M.		03:52
Checked	R2			In My Bones	Lost Frequencies	In My Bones	02:32
Checked	R2			IN MY PLACE	Coldplay		03:42
Checked	SP2			IN MY SECRET LIFE	LEONARD COHEN		03:47
Checked	NB			In The Air Tonight - 2015 Remastered	Phil Collins	Face Value (Deluxe Editon)	05:19
Checked	G2			IN THE ARMY NOW	STATUS QUO		04:26
Checked	G1			IRIS	GOO GOO DOLLS		04:38
Checked	G1			Ironic	Alanis Morissette		03:41
Checked	R2			Irreplaceable	Beyoncé		03:45
Checked	R2			Is It Love	Loreen	Is It Love	02:16
Checked	G2			ISC W STRONE SLONCA	2 PLUS 1		04:16
Checked	G2			IT AIN'T OVER TIL IT'S OVER	LENNY KRAVITZ	Mama Said	03:41
Checked	G1			IT MUST HAVE BEEN LOVE	ROXETTE		04:12
Checked	R2			IT WASN'T ME	SHAGGY		03:36
Checked	SP1			IT'S A HEARTACHE	BONNIE TYLER		03:19
Checked	SP2			It's A Man's, Man's, Man's World	JAMES BROWN		02:41
Checked	R1			IT'S MY LIFE	NO DOUBT		03:45
Checked	R1			IT'S MY LIFE	BON JOVI		03:42
Checked	SP2			IT'S RAINING MEN	GERI HALLIWELL		03:34
Checked	G2	LON		I'VE BEEN THINKING ABOUT YOU	LONDONBEAT		03:43
Checked	G2			JA WYSIADAM	ANNA MARIA JOPEK		03:16
Checked	SP2			JAILHOUSE ROCK	ELVIS PRESLEY		02:26
Checked	R1			JAK NIE MY TO KTO	MROZU feat.TOMSON	Rollercoaster	03:37
Checked	G2			JAK RZECZ	KASIA KOWALSKA		04:24
Checked	CF2			Jak w filmie	SARSA	Jak w filmie	02:59
Checked	SP2			JAKA-JA-KAYAH	KAYAH		03:47
Checked	R1			JE VEUX	ZAZ		03:33
Checked	G2			JENNY	EDYTA BARTOSIEWICZ		04:36
Checked	R2			JESLI TYLKO CHCESZ	KUKIZ & BORYSEWICZ		03:29
Checked	G2			JESTEM KOBIETA	EDYTA GORNIAK		04:08
Checked	G2			JESTEM POWIETRZEM	ANITA LIPNICKA		03:34
Checked	SP2			Jestem Twoją Bajką	Kleks	Jestem Twoją Bajką	02:50
Checked	G2			JESTEM Z MIASTA	ELEKTRYCZNE GITARY		02:41
Checked	SP1			JESTES LEKIEM NA CAŁE ZŁO	KRYSTYNA PRONKO		04:34
Checked	G2			JESUS HE KNOWS ME	GENESIS		04:08
Checked	G2			JESZCZE BLIZEJ	PIASEK		03:51
Checked	G2			Joe Le Taxi	VANESSA PARADIS		03:30
Checked	NB			JOLKA JOLKA PAMIETASZ	BUDKA SUFLERA		06:20
Checked	G2			JOSEPHINE	Chris Rea		04:27
Checked	G2			JOSZKO BRODA	ANNA MARIA JOPEK		03:48
Checked	SP2			JUST CAN'T GET ENOUGH	DEPECHE MODE		03:35
Checked	R1			Just Like Fire	P!nk	Billboard Usa Top 100 Hits 2016	03:32
Checked	G2			JUST MY IMAGINATION	The Cranberries		03:07
Checked	R1			JUST THE WAY YOU ARE (AMAZING)	Bruno Mars		03:32
Checked	R2			JUTRO (RADIO EDIT)	LemON		04:03
Checked	R2			KAMIEŃ Z NAPISEM LOVE	ENEJ		03:02
Checked	SP2			KIEDY BYLEM MALYM CHLOPCEM	BREAKOUT		03:00
Checked	G1			KIEDY POWIEM SOBIE DOSC	O.N.A.		04:47
Checked	R2			KIEDYS CIE ZNAJDE (RADIO)	RENI JUSIS		03:24
Checked	G2			KILLING ME SOFTLY	Fugees		04:58
Checked	G1			KISS FROM A ROSE	Seal		04:42
Checked	G2			KISS ME	Sixpence None the Richer		03:14
Checked	SP1			KNOWING ME, KNOWING YOU	ABBA		03:53
Checked	SP2			KOBIETY SA GORACE	NORBI		03:21
Checked	CF2			Kochaj	Krzysztof Zalewski	Kochaj	03:19
Checked	G2			KOCHAM CIE JAK IRLANDIE	KOBRANOCKA		04:46
Checked	G1			KOCHAM CIE KOCHANIE MOJE	MAANAM		04:46
Checked	G1			KOCHAM WOLNOSC	CHLOPCY Z PLACU BRONI		03:56
Checked	G1			KOLYSANKA DLA NIEZNAJOMEJ	PERFECT		03:26
Checked	G2			KONIK NA BIEGUNACH	URSZULA		02:57
Checked	R2			KRĘCIMY SIĘ JAK W KARUZELI	SYLWIA GRZESZCZAK	Sen o przyszłości	03:14
Checked	G2			KROLOWIE ZYCIA	KOMBI		04:36
Checked	G2			KROPLA DESZCZU	GABRIEL FLESZAR		03:36
Checked	G2			KRYZYSOWA NARZECZONA	LADY PANK		03:55
Checked	CF2			Kwiaty	Zakopower & Ania Dąbrowska	Kwiaty	03:26
Checked	SP2			KWIATY WE WLOSACH	CZERWONE GITARY		02:08
Checked	SP1			LA BAMBA	LOS LOBOS		02:42
Checked	G1			LA ISLA BONITA	Madonna		03:40
Checked	R2			LADY MARMALADE	CHRISTINA AGUILERA		04:23
Checked	CF1			Latawce	SYLWIA GRZESZCZAK	Latawce	03:05
Checked	R2			Late Night Talking	Harry Styles	Billboard Top 100 of 2022	02:54
Checked	G2			LATO	FORMACJA NIEZYWYCH SCHABUFF		03:58
Checked	G2			LAYLA (UNPLUGGED)	ERIC CLAPTON		04:21
Checked	R2			Lean On (feat. MØ)	Major Lazer & DJ Snake		02:54
Checked	R1			LEFT OUTSIDE ALONE	ANASTASIA		04:04
Checked	G1			LEMON TREE	FOOL'S GARDEN		03:08
Checked	F1			Lepiej niż teraz	Sandra Reizer	Lepiej niż teraz	02:51
Checked	SP1			LET IT BE	THE BEATLES		03:46
Checked	G2			LET ME ENTERTAIN YOU	Robbie Williams		05:11
Checked	SP1			LET THE MUSIC PLAY	BARRY WHITE		03:23
Checked	G2			LET'S DANCE	David Bowie		03:58
Checked	R1			Levitating	Dua Lipa	Billboard Top 100 of 2022	03:21
Checked	G2			Life	Des'ree		03:26
Checked	R2			LIFE FOR RENT	DIDO		03:38
Checked	G2			LIFE IS A FLOWER	ACE OF BASE		03:37
Checked	R1			LIFE IS A ROLLERCOASTER	RONAN KEATING		03:44
Checked	G2			LIFTED	Lighthouse Family		04:07
Checked	R2			LIKE I LOVE YOU	Justin Timberlake		04:38
Checked	G1			Linger	The Cranberries		04:28
Checked	G1			LISTEN TO YOUR HEART	ROXETTE		05:06
Checked	R2			LITTLE TALKS	OF MONSTERS AND MEN		04:14
Checked	G1			LIVIN' ON A PRAYER	BON JOVI		03:55
Checked	R1			LOCKED OUT OF HEAVEN	Bruno Mars		03:50
Checked	R2			LONELY NO MORE	ROB THOMAS		03:41
Checked	CF1			Lose Control	Teddy Swims	Lose Control	03:26
Checked	G1			LOSING MY RELIGION	R.E.M.		04:22
Checked	R1			LOVE DON'T COST A THING	Jennifer Lopez		03:40
Checked	G1			LOVE IS ALL AROUND	WET WET WET		03:55
Checked	R1			LOVE ME AGAIN (RADIO EDIT)	John Newman		03:31
Checked	R2			LOVE SONG	Sara Bareilles		04:15
Checked	G1			Lovefool	THE CARDIGANS		03:12
Checked	R2			Lovely	Billie Eilish & Khalid	Billboard Top 100 of 2022	03:14
Checked	SP1			Lovely Day	Bill Withers		03:58
Checked	R2			LOVE'S DIVINE	Seal		04:24
Checked	R2			LOVESTONED (RADIO EDIT)	Justin Timberlake		05:19
Checked	G2			ŁATWOPALNI	MARYLA RODOWICZ		03:25
Checked	G2			MAGICZNE SLOWA	ZIYO		03:41
Checked	F1			Mainstream	Daria ze Śląska	Na południu bez zmian	03:04
Checked	R2			MALCZIKI	KAZIK & YUGOTON		03:25
Checked	G2			MALE SZCZESCIA	JANSON		04:20
Checked	R1			Małe rzeczy	SYLWIA GRZESZCZAK		03:10
Checked	SP2			MAŁGOŚKA	MARYLA RODOWICZ		04:13
Checked	R1			Małomiasteczkowy	Dawid Podsiadło	Małomiasteczkowy	03:23
Checked	R2			MAMA TOLD ME NOT TO COME	TOM JONES		02:49
Checked	SP2			MAMMA MIA	ABBA		03:27
Checked	SP2			Mamo tyś płakała	sanah	UCZTA	02:55
Checked	G2			MAMONA	REPUBLIKA		03:35
Checked	G2			Man in the Mirror	Michael Jackson		05:00
Checked	G2			Maneater	HALL & OATES		04:24
Checked	CF1			Marcepan	sanah		03:04
Checked	G2			MARCHEWKOWE POLE	LADY PANK	O dwóch takich, co ukradli księżyc	03:46
Checked	G1			MARIA, MARIA	CARLOS SANTANA		04:05
Checked	R1			MARRY YOU	Bruno Mars		03:46
Checked	G2			Material Girl	Madonna		03:49
Checked	R2			Maybe	BrainStorm		03:51
Checked	R1			MEMORIES	Maroon 5		03:03
Checked	R1			Mercy	Duffy		03:35
Checked	R1			Mercy	SHAWN MENDES	Billboard Top 100 Hits 2017	03:22
Checked	SP2			MESSAGE IN A BOTTLE	The Police		04:27
Checked	G2			MI CHICO LATINO	GERI HALLIWELL		03:06
Checked	R2			MIAŁEŚ BYĆ	MONIKA BRODKA		03:25
Checked	R2			Między Słowami	KASIA CEREKWICKA		03:07
Checked	R2			Miliony monet	Mrozu	Miliony monet	03:28
Checked	G2			MILLENNIUM	Robbie Williams		03:34
Checked	G2			MILOSC JAK OGIEN	EDYTA BARTOSIEWICZ	WODOSPADY	03:30
Checked	CF2			Miłość jest ślepa	sanah	Kaprysy	03:14
Checked	R2			MIMO WSZYSTKO	HEY		04:03
Checked	G2			Missing	EVERYTHING BUT THE GIRL		03:53
Checked	G1			MNIEJ NIZ ZERO	LADY PANK		03:58
Checked	G2			MOCNIEJ?	PIASEK		03:22
Checked	R2			MOI...LOLITA	ALIZEE		04:20
Checked	G2			MOJA I TWOJA NADZIEJA	HEY		02:57
Checked	SP1			MONEY MONEY MONEY	ABBA		03:03
Checked	G2			MOONLIGHT SHADOW	MIKE OLDFIELD		03:24
Checked	SP1			MORE THAN A FEELING	BOSTON		04:32
Checked	R2			mori	Dawid Podsiadło		03:08
Checked	CF1			Motyle	SYLWIA GRZESZCZAK	Motyle	02:53
Checked	R1			Moves Like Jagger (feat. Christina Aguilera)	Maroon 5		03:20
Checked	F1			Można	Nosowska & Błażej Król	Można	03:56
Checked	R2			Mr. Brightside	The Killers	Billboard Top 100 of 2022	03:40
Checked	G2			Mr. Jones	Counting Crows		04:26
Checked	SP1			MRS. ROBINSON	SIMON & GARFUNKEL		03:46
Checked	G1			Murder On The Dancefloor	Sophie Ellis-Bextor	Read My Lips	03:44
Checked	R2			MUSIC	Madonna		03:41
Checked	G2			MY	MYSLOVITZ		03:15
Checked	G2			MY FATHER'S EYES	ERIC CLAPTON		04:22
Checked	G2			MY FAVOURITE GAME	THE CARDIGANS		03:36
Checked	SP2			MY GENERATION	THE WHO		03:21
Checked	NB			MY HEART WILL GO ON	CELINE DION		04:28
Checked	G2			My Love Is Your Love	Whitney Houston		04:05
Checked	R2			My Universe	Coldplay & BTS		04:14
Checked	G2			MYSTERIOUS WAYS	U2		03:56
Checked	F1			Na głęboką wodę	Wiktor Waligóra	Czekam na świt	03:32
Checked	G1			NA JEDNEJ Z DZIKICH PLAŻ	ROTARY		03:31
Checked	G2			NA JEZYKACH	KAYAH		04:18
Checked	CF2			Na niebie	Oskar Cyms	Na niebie	02:14
Checked	G2			NADZIEJA	IRA		03:29
Checked	R2			Najlepszy dzień w moim życiu	sanah		04:32
Checked	R2			NAPAD	Mrozu		03:41
Checked	R2			NARCYZ	LZY	W ZWIAZKU Z SAMOTNOSCIA	04:38
Checked	G2			NASZE RANDEZ VOUS	KOMBI	best of kombi	04:13
Checked	R2			NAUCZ MNIE	SARSA		03:12
Checked	R1			NEVER BE THE SAME AGAIN	MELANIE C		04:11
Checked	G1			NEVER GONNA GIVE YOU UP	RICK ASTLEY		03:24
Checked	R1			Nic Do Stracenia	Mrozu & Sound 'n' Grace	Rollercoaster	03:28
Checked	R2			Nic dwa razy (W. Szymborska)	sanah		03:03
Checked	SP2			NIE DOKAZUJ	MAREK GRECHUTA		03:56
Checked	G2			NIE JESTEM SOBA	ELEKTRYCZNE GITARY		01:40
Checked	R2			Nie klam ze kochasz mnie	Ewelina Flinta i Łukasz Zagrobelny	Nie kłam kochanie OST	03:05
Checked	R2			Nie lubię Cię	Dawid Podsiadło	Lata Dwudzieste	03:22
Checked	F1			Nie ma Cię tu	marta bijan	Nie ma Cię tu	02:24
Checked	R1			Nie Ma Fal	Dawid Podsiadło	Małomiasteczkowy	03:56
Checked	R2			Nie mów	Rosalie.	Nie Mów - Single	03:49
Checked	CF2			Nie mówię tak, nie mówię nie	Wiktor Dyduła & Kasia Sienkiewicz		02:34
Checked	CF2			Nie musisz się bać	Oskar Cyms	Nie musisz się bać	02:21
Checked	R2			Nie przegap	Ewa Farna		03:22
Checked	G2			NIE PYTAJ O POLSKE	REPUBLIKA		04:44
Checked	G2			Nie załuje	EDYTA GEPPERT		04:24
Checked	CF2			Niech mówią	Oskar Cyms		02:37
Checked	SP2			Niech żyje bal	MARYLA RODOWICZ		04:07
Checked	G1			NIEPOKONANI	PERFECT	Geny	03:46
Checked	G2			NIEWIELE CI MOGE DAC	PERFECT		03:37
Checked	R2			NIGDY WIĘCEJ NIE TAŃCZ ZE MNĄ	ANIA DĄBROWSKA		02:55
Checked	R2			Nim Zajdzie Słońce	Smolasty & Doda & Filip Leon & WIKTOR	Nim Zajdzie Słońce	02:23
Checked	R2			NINE MILLION BICYCLES	KATIE MELUA		03:12
Checked	CF2			No co Ty	Oskar Cyms		02:34
Checked	R1			No One	Alicia Keys		04:09
Checked	G2			NO ORDINARY LOVE	Sade		03:53
Checked	G2			NO REGRETS	Robbie Williams		03:56
Checked	G2			NO SCRUBS	TLC		03:32
Checked	SP1			NO WOMAN NO CRY	BOB MARLEY		03:33
Checked	R1			Nothing Breaks Like a Heart	Mark Ronson & Miley Cyrus		03:34
Checked	G1			Nothing Compares 2 U	SINEAD O'CONNOR		04:53
Checked	NB			NOTHING ELSE MATTERS	METALLICA		06:09
Checked	G2			NOTHING`S GONNA STOP US NOW	STARSHIP		04:23
Checked	SP2			Now And Then	THE BEATLES	Now And Then	04:03
Checked	CF2			O Tobie myśl	Krzysztof Zalewski		03:35
Checked	G2			Ocean Drive	Lighthouse Family		03:50
Checked	CF2			och i ach	SYLWIA GRZESZCZAK	och i ach	02:57
Checked	F1			Od kiedy jesteś	Dominik Dudek	Od kiedy jesteś	02:57
Checked	G2			ODCHODZAC	REPUBLIKA		03:52
Checked	G2			Ode to My Family	The Cranberries		04:28
Checked	R2			Oh My God	Adele	Billboard Top 100 of 2022	03:41
Checked	SP2			Oj, dziewczyno!	Wiktoria Kida & Księga Żywiołów		02:35
Checked	G2			ON THE BEACH	Chris Rea		06:04
Checked	R1			On Top of the World	Imagine Dragons		03:09
Checked	G1			ONE	U2		04:29
Checked	G2			ONE MOMENT IN TIME	Whitney Houston		04:41
Checked	G2			One of Us	Joan Osborne		04:13
Checked	SP1			ONE WAY OR ANOTHER	BLONDIE		03:23
Checked	G2			OPROCZ	GOLDEN LIFE		04:06
Checked	CF1			Ordinary	Alex Warren		03:02
Checked	G1			ORIDINARY WORLD	DURAN DURAN	Ordinary world	04:36
Checked	G2			ORINOCCO FLOW	ENYA		04:22
Checked	G2			ORLA CIEN	VARIUS MANX		02:59
Checked	G2			OSTATNI	EDYTA BARTOSIEWICZ		05:00
Checked	CF1			ostatnia nadzieja	sanah & Dawid Podsiadło	UCZTA	03:42
Checked	G2			Otherside	RED HOT CHILLI PEPPERS		04:10
Checked	G1			OUT OF TOUCH	HALL & OATES		03:50
Checked	G2			OVER MY SHOULDER	MIKE & THE MECHANICS		03:32
Checked	G1			OWNER OF THE LONEY HEART	Yes		04:20
Checked	SP1			OYE COMO VA	CARLOS SANTANA		04:14
Checked	R2			PAPARAZZI	LADY GAGA		03:23
Checked	SP2			PAPAYA	URSZULA DUDZIAK		03:54
Checked	R1			PARADISE (RADIO EDIT)	Coldplay		04:13
Checked	R2			Perfect	Ed Sheeran	Billboard Top 100 of 2022	04:19
Checked	G2			PIATY BIEG	BUDKA SUFLERA		04:54
Checked	CF1			Pięknie płyniesz	Dawid Podsiadło	Pięknie płyniesz	03:11
Checked	G1			PIOSENKA KSIEZYCOWA	VARIUS MANX		02:45
Checked	G1			PIU BELLA COSA	EROS RAMAZZOTTI		04:21
Checked	NB			PLEASE FORGIVE ME	BRYAN ADAMS		05:00
Checked	G1			PO TO JESTES NA SWIECIE	MAANAM		03:21
Checked	G1			POCALUJ NOC	VARIUS MANX		03:15
Checked	R1			Początek (feat. Kortez, Dawid Podsiadło & Krzysztof Zalewski)	Męskie Granie Orkiestra 2018		03:52
Checked	SP2			POD PAPUGAMI	CZESLAW NIEMEN		03:09
Checked	G2			POGODA DUCHA	HANNA BANASZAK		03:22
Checked	G2			POKOLENIE	KOMBII		04:11
Checked	CF2			Połowa Mnie	Smolasty & Sylwia Grzeszczak	Połowa Mnie	02:36
Checked	R1			POMPEII	BASTILLE		03:31
Checked	G2			PORCELAIN	MOBY		03:58
Checked	G2			POWER OF LOVE	CELINE DION		04:39
Checked	R2			Power over Me	Dermot Kennedy		03:13
Checked	R2			Poza logika	Mrozu		03:27
Checked	G2			PRAWIE DO NIEBA	ROBERT CHOJNACKI & PIASEK		03:37
Checked	SP2			PRAWY DO LEWEGO	KAYAH		03:18
Checked	R1			Prayer in C (Robin Schulz Radio Edit)	Lilly Wood & The Prick		03:07
Checked	SP1			PRETTY WOMAN	ROY ORBISON	PRETTY WOMAN	02:59
Checked	G1			PRIDE (IN THE NAME OF LOVE)	U2		03:43
Checked	G1			PRIVATE DANCER	Tina Turner		03:55
Checked	R2			PROWADZ MNIE	KASIA KOWALSKA		03:37
Checked	R2			PRÓCZ CIEBIE, NIC	KRZYSZTOF KILJAŃSKI FT. KAYAH		03:34
Checked	CF2			Przezroczysty świat	Kwiat Jabłoni		04:08
Checked	G1			PRZEZYJ TO SAM	LOMBARD		04:58
Checked	CF2			Ptaki (MTV Unplugged)	Krzysztof Zalewski		03:23
Checked	G2			PURPLE RAIN	PRINCE		04:01
Checked	R2			Put Your Records On	Corinne Bailey Rae		03:31
Checked	G2			QUIT PLAYING GAMES	BACKSTREET BOYS		03:51
Checked	G2			RADIO GA GA	Queen		05:36
Checked	R2			RADIO HELLO	ENEJ		03:12
Checked	CF2			Rakieta	BARANOVSKI	Rakieta	03:40
Checked	R2			RAMIĘ W RAMIĘ	VIKI GABOR & KAYAH		03:16
Checked	R1			Rather Be	Clean Bandit		03:43
Checked	R1			REHAB	AMY WINEHOUSE		03:30
Checked	R1			Relax (Take It Easy)	MIKA		03:40
Checked	G2			REMEMBER THE TIME	Michael Jackson		03:58
Checked	G2			RETURN TO INNOCENCE	ENIGMA		04:00
Checked	G2			RHYTHM OF MY HEART	ROD STEWART		03:47
Checked	NB			RIGHT HERE WAITING	RICHARD MARX		04:20
Checked	R1			Riptide	VANCE JOY	Billboard Top 100 of 2022	03:18
Checked	SP2			RIVERS OF BABYLON	BONNEY M		04:09
Checked	G2			ROAD TO MANDALAY	Robbie Williams		03:12
Checked	R1			ROCK DJ	Robbie Williams		04:12
Checked	R1			ROLLING IN THE DEEP	Adele	21	03:45
Checked	R2			ROME WASN'T BUILT IN A DAY	Morcheeba		03:28
Checked	SP1			ROXANNE	The Police		03:03
Checked	G2			RUCHOME PIASKI	KASIA STANKIEWICZ		04:47
Checked	G2			RUN	Lighthouse Family		03:31
Checked	SP2			RUN BACK INTO YOUR ARMS	ROD STEWART		03:24
Checked	G2			RUNAWAY	The Corrs		04:02
Checked	G1			Running Up That Hill (a Deal With God)	KATE BUSH		04:46
Checked	G2			RYSA NA SZKLE	URSZULA		04:12
Checked	R2			S.O.S	KASIA CEREKWICKA		03:21
Checked	SP1			S.O.S.	ABBA		03:09
Checked	G1			Sacrifice	ELTON JOHN		04:55
Checked	R2			Safe And Sound	CAPITAL CITIES		03:09
Checked	SP1			SAILING	ROD STEWART	Atlantic Crossing	04:18
Checked	CF2			samoloty	Dawid Podsiadło & Kaśka Sochacka & ZORZA	samoloty i nadprzestrzenie	04:00
Checked	SP2			SAN FRANCISCO	SCOTT MCKENZIE		02:53
Checked	SP2			SATISFACTION	ROLLING STONES		03:38
Checked	G2			SAVE TONIGHT	EAGLE-EYE CHERRY		03:43
Checked	G2			SAY MY NAME	DESTINY'S CHILD		04:27
Checked	R2			Say You Won't Let Go	James Arthur	Billboard Top 100 Hits 2017	03:24
Checked	G2			SAY YOU, SAY ME	LIONEL RICHIE		03:54
Checked	G2			SCAR TISSUE	RED HOT CHILLI PEPPERS		03:35
Checked	G2			SCENARIUSZ DLA MOICH SASIADOW	MYSLOVITZ		03:10
Checked	G2			Search for the Hero	M People		04:06
Checked	G2			SECRET	Madonna		04:21
Checked	G2			SELF CONTROL	LAURA BRANINGAN		03:58
Checked	G1			Sen	EDYTA BARTOSIEWICZ		03:38
Checked	SP2			SEN O DOLINIE	BUDKA SUFLERA		03:40
Checked	G2			SEN O VICTORII	DZEM		05:39
Checked	SP2			Sen O Warszawie	CZESLAW NIEMEN		03:17
Checked	R1			SET FIRE TO THE RAIN	Adele		03:57
Checked	G2			Seven Days in Sunny June	Jamiroquai		03:54
Checked	R2			SEVEN NATION ARMY	THE WHITE STRIPES		03:49
Checked	R2			SHADOW OF THE DAY	LINKIN PARK		04:15
Checked	R1			SHALLOW (RADIO EDIT)	LADY GAGA &  BRADLEY COOPER		03:30
Checked	R1			Shape of You	Ed Sheeran		03:51
Checked	R2			She Will Be Loved	Maroon 5		04:14
Checked	SP2			She's A Lady	TOM JONES		02:45
Checked	G2			SHE'S THE ONE	Robbie Williams		04:12
Checked	G2			SHINNY HAPPY PEOPLE	R.E.M.	Out of Time	03:40
Checked	SP2			SHOOP SHOOP SONG	CHER		02:44
Checked	G2			Should I Stay or Should I Go	The Clash		02:52
Checked	G2			Shout	TEARS FOR FEARS		03:58
Checked	CF2			Sierpień	BARANOVSKI	Sierpień	02:40
Checked	R2			SING	Travis		03:33
Checked	G2			Sing It Back	Moloko		03:32
Checked	R2			SINGLE LADIES	Beyoncé		03:10
Checked	G1			SKLAMALAM	EDYTA BARTOSIEWICZ		04:53
Checked	G2			SLEDGEHAMMER	Peter Gabriel		04:44
Checked	G2			Sleeping Satellite	Tasmin Archer	Great Expectations	04:30
Checked	G1			SŁODKIEGO MIŁEGO ŻYCIA	KOMBI		04:43
Checked	R2			SŁUCHAM CIĘ W RADIU CO TYDZIEŃ	ANIA KARWAN		03:17
Checked	SP2			SMOKE ON THE WATER	DEEP PURPLE		05:35
Checked	G2			SMOOTH CRIMINAL	Michael Jackson	BAD	04:01
Checked	G1			Smooth Operator	Sade		04:50
Checked	G2			SO YOUNG	The Corrs		04:08
Checked	R1			SOMEBODY THAT I USED TO KNOW	GOTYE & KIMBRA		04:02
Checked	R2			Someone Like You	Adele		04:37
Checked	R2			Someone You Loved	LEWIS CAPALDI	Billboard Top 100 of 2022	02:59
Checked	G2			SOMETHING GOT ME STARTED	Simply Red		03:55
Checked	G2			SOMETHING HAPPENED ON THE WAY TO HEAVEN	Phil Collins	...But Seriously	04:44
Checked	R1			Something Just Like This	Coldplay	Billboard Top 100 of 2022	03:59
Checked	R2			SOMETHING STUPID	ROBBIE WILIAMS & NICOLE KIDMAN		02:44
Checked	G2			SON OF THE BLUE SKY	WILKI		04:05
Checked	SP2			SOUND OF SILENCE	SIMON & GARFUNKEL		03:00
Checked	G2			SPENDING MY TIME	ROXETTE		04:29
Checked	G2			SPIJ KOCHANIE SPIJ	KAYAH		04:30
Checked	R1			SPRZEDAWCY MARZEŃ	MYSLOVITZ		03:45
Checked	SP1			Stand By Me	BEN E. KING		02:46
Checked	G1			Stars	Simply Red		04:05
Checked	SP1			Stayin' Alive	Bee Gees		04:36
Checked	R1			Stitches	SHAWN MENDES	Billboard Usa Top 100 Hits 2016	03:24
Checked	G2			Stokrotka	T.LOVE		04:19
Checked	R2			STOLEN CAR (TAKE ME DANCING)	STING & MYLENE FARMER		03:19
Checked	R2			Stolen Dance	MILKY CHANCE	Sadnecessary	05:04
Checked	R2			STOP THIS FLAME	CELESTE		03:29
Checked	G2			Streets Of Philadelphia	Bruce Springsteen	Philadelphia	04:10
Checked	G2			STUCK IN A MOMENT YOU CAN'T GET OUT OF	U2		04:30
Checked	G2			SUICIDE BLONDE	INXS		03:47
Checked	SP2			SULTANS OF SWING	DIRE STRAITS	DIRE STRAITS	05:40
Checked	G2			SUMMER IN THE CITY	Joe Cocker		03:42
Checked	G2			SUMMER SON	Texas		03:58
Checked	G1			SUPER TROUPER	ABBA		04:05
Checked	G2			SUPERMENKA	KAYAH		03:20
Checked	CF1			Supermoce	IGO & Mrozu & Vito Bambino (Męskie Granie Orkiestra 2023)		03:12
Checked	R1			SUPREME	Robbie Williams		04:08
Checked	CF2			SUPRO	DARIA ZAWIAŁOW	SUPRO	03:31
Checked	R1			SURVIVOR	DESTINY'S CHILD		03:59
Checked	G1			Sweet Dreams (Are Made of This)	Eurythmics		04:45
Checked	G2			SWEETEST TABOO	Sade		04:20
Checked	G2			SZAL	EDYTA BARTOSIEWICZ		03:15
Checked	G2			SZARE MIRAZE	MAANAM		03:29
Checked	G1			Szklana Pogoda	LOMBARD		03:26
Checked	CF2			Szum	Kaśka Sochacka	Szum	03:49
Checked	CF2			Szybkie tempo	Wiktor Dyduła	Szybkie tempo	03:00
Checked	G1			TA SAMA CHWILA	BAJM		04:26
Checked	G2			TACY SAMI	LADY PANK		04:19
Checked	SP2			TAK BARDZO SIE STARALEM	CZERWONE GITARY		02:20
Checked	G1			TAK...TAK...TO JA	OBYWATEL GC		03:35
Checked	G2			Take a Bow	Madonna		05:15
Checked	R2			Take Me to Church	Hozier	Billboard Top 100 of 2022	03:59
Checked	G1			TAKE MY BREATH AWAY	BERLIN		04:03
Checked	G1			Take On Me	a-ha		03:31
Checked	G1			TAKIE TANGO	BUDKA SUFLERA		04:18
Checked	CF1			Tam słońce, gdzie my	Wiktor Dyduła	Tam słońce, gdzie my	03:07
Checked	R1			TAMTA DZIEWCZYNA	SYLWIA GRZESZCZAK		02:51
Checked	G2			TANCZ GLUPIA TANCZ	LADY PANK		04:33
Checked	CF2			TAZOSy	Dawid Podsiadło		03:25
Checked	NB			TEARS IN HEAVEN	ERIC CLAPTON		04:25
Checked	R1			TEGO CHCIALAM	ANIA		02:56
Checked	G2			TELEFONY	REPUBLIKA		04:19
Checked	G2			Tell It To My Heart	TAYLOR DAYNE		03:33
Checked	R2			Testosteron	KAYAH		03:05
Checked	R1			THANK YOU	DIDO		03:29
Checked	G1			THAT DON'T IMPRESS ME MUCH	SHANIA TWAIN		03:51
Checked	R2			The Ballet Girl	Aden Foyer		03:20
Checked	G1			THE BEST	Tina Turner		04:05
Checked	G2			THE BEST OF ME	BRYAN ADAMS		03:27
Checked	CF1			The Door	Teddy Swims	Ive Tried Everything But Therapy (Part 1)	03:30
Checked	G2			THE FINAL COUNTDOWN	EUROPE		03:52
Checked	G1			THE LOOK	ROXETTE		03:52
Checked	G2			THE PASSENGER	IGGY POP		04:36
Checked	G2			THE POWER OF GOOD-BYE	Madonna		04:08
Checked	R2			THE REASON	HOOBASTANK		03:50
Checked	G1			THE RIVER OF DREAMS	BILLY JOEL		03:49
Checked	R2			THE SCIENTIST	Coldplay		04:23
Checked	G2			THE SHOW MUST GO ON	Queen		04:01
Checked	G1			THE SIGN	ACE OF BASE		03:06
Checked	G2			THE SIMPLE THINGS	Joe Cocker		04:36
Checked	R2			THE SKY IS A NEIGHBORHOOD	FOO FIGHTERS		04:03
Checked	G2			THE WAY IT IS	BRUCE HORNSBY	The Way It Is	04:14
Checked	G2			THE WINNER TAKES IT ALL	ABBA		04:47
Checked	R2			THE ZEPHYR SONG	RED HOT CHILLI PEPPERS		03:48
Checked	R1			There's Nothing Holdin' Me Back	SHAWN MENDES	Billboard Top 100 of 2022	03:17
Checked	R2			Thinking Out Loud	Ed Sheeran		03:46
Checked	R2			This Girl (Kungs Vs. Cookin' On 3 Burners)	KUNGS VS. COOKIN' ON 3 BURNERS		03:13
Checked	R1			THIS IS THE LIFE	AMY MACDONALD	This Is the Life	03:03
Checked	R1			THIS LOVE	Maroon 5		03:22
Checked	G2			THRILLER	Michael Jackson		05:10
Checked	G1			Time After Time	CYNDI LAUPER		03:50
Checked	SP2			Tiny Dancer	ELTON JOHN		06:11
Checked	CF2			To bardzo ziemskie	Męskie Granie Orkiestra		03:19
Checked	G1			TO BE WITH YOU	Mr. Big	Lean into It	03:17
Checked	CF1			To Co Masz Ty!	Dawid Podsiadło	Lata Dwudzieste	03:31
Checked	R2			TO CO NAM BYŁO	RED LIPS		03:29
Checked	R2			TO JUZ BYLO	MARYLA RODOWICZ		04:08
Checked	G1			TO NIE JA	EDYTA GORNIAK		02:59
Checked	G2			TO THE MOON AND BACK	Savage Garden		04:09
Checked	SP2			TO TYLKO TANGO	MAANAM		02:28
Checked	G2			TOGETHER AGAIN	Janet Jackson		04:02
Checked	NB			TOLERANCJA/NA MILY BOG	SOYKA		03:50
Checked	G2			TOM'S DINER	SUZANNE VEGA		03:40
Checked	R2			Too Good at Goodbyes	Sam Smith		03:20
Checked	G2			TOO MUCH LOVE WILL KILL YOU	BRIAN MAY		04:00
Checked	CF1			Too Sweet	Hozier	Unheard	04:06
Checked	G1			Torn	Natalie Imbruglia		03:57
Checked	G2			TOTAL ECLIPSE OF THE HEART	BONNIE TYLER		04:20
Checked	SP1			TRAGEDY	Bee Gees		04:55
Checked	R2			Tragikomedia	MELA KOTELUK		03:43
Checked	CF1			Training Season	Dua Lipa	Training Season	03:28
Checked	R1			TROFEA	Dawid Podsiadło		03:44
Checked	R2			TROUBLE	Coldplay		04:26
Checked	R1			TRÓJKĄTY I KWADRATY	Dawid Podsiadło		03:58
Checked	R1			TRUDNO TAK (RAZEM BYC NAM ZE SOBA...)	KRZYSZTOF KRAWCZYK & EDYTA BARTOSIEWICZ		04:20
Checked	G2			TRUE	Spandau Ballet		05:26
Checked	G2			TRUE COLORS	Phil Collins		04:21
Checked	G1			TRULY MADLY DEEPLY	Savage Garden		04:28
Checked	R2			TRY	Nelly Furtado		03:45
Checked	G1			TUBTHUMPING	CHUMBAWAMBA		03:24
Checked	SP1			TWIST AND SHOUT	THE BEATLES		02:30
Checked	G2			TWO HEARTS	Phil Collins		03:17
Checked	G2			Two Princes	Spin Doctors		04:10
Checked	G2			TWOJE RADIO	BUDKA SUFLERA		05:02
Checked	SP1			TYLE SLONCA W CALYM MIESCIE	ANNA JANTAR		02:54
Checked	G2			TYLKO BLEKIT	MAREK KOSCIKIEWICZ		04:10
Checked	SP2			TYP NIEPOKORNY	STACHURSKY		03:35
Checked	R1			UMBRELLA	RIHANNA & JAY-Z		04:26
Checked	G2			Un-Break My Heart	Toni Braxton		04:22
Checked	G2			UNCHAIN MY HEART	Joe Cocker		05:00
Checked	G1			UNDER PRESSURE	QUEEN & DAVID BOWIE	HOT SPACE	03:46
Checked	G2			UNDER THE BRIDGE	RED HOT CHILLI PEPPERS		04:21
Checked	R1			Unstoppable	Sia	This Is Acting	03:33
Checked	R2			Until I Found You	Stephen Sanchez	Billboard Top 100 of 2022	02:49
Checked	R2			Unwritten	Natasha Bedingfield		04:10
Checked	R1			Uptown Funk (feat. Bruno Mars)	Mark Ronson		04:27
Checked	G1			UPTOWN GIRL	BILLY JOEL		03:09
Checked	R1			USE SOMEBODY	KINGS OF LEON		03:51
Checked	R2			Used To Be Young	Miley Cyrus		03:07
Checked	R1			Valerie (feat. Amy Winehouse)	Mark Ronson & Amy Winehouse		03:37
Checked	G2			VIRTUAL INSANITY	Jamiroquai		05:21
Checked	G2			VIVA FOREVER	SPICE GIRLS		04:09
Checked	R1			Viva La Vida	Coldplay		03:52
Checked	G2			W DZIEN GORACEGO LATA	BIG DAY		03:36
Checked	R1			W KINIE, W LUBLINIE - KOCHAM CIĘ	BRATHANKI		03:22
Checked	G2			W MOIM MAGICZNYM DOMU	HANNA BANASZAK		03:24
Checked	R2			W Spodniach Czy Sukience	ANIA DĄBROWSKA	W Spodniach, Czy W Sukience?	05:12
Checked	R1			W STRONĘ SŁOŃCA	EWELINA LISOWSKA		03:06
Checked	G1			WAKE ME UP BEFORE YOU GO GO	WHAM		03:42
Checked	G1			WALK OF LIFE	DIRE STRAITS		03:55
Checked	R2			WALK ON WATER	THIRTY SECONDS TO MARS		03:04
Checked	R1			WALKING AWAY	CRAIG DAVID		03:17
Checked	G2			Walking In Memphis	CHER		03:47
Checked	G1			WALKING ON SUNSHINE	Katrina & The Waves		03:52
Checked	G2			WANNABE	SPICE GIRLS		02:48
Checked	G2			WARSZAWA	T.LOVE		04:10
Checked	SP1			WATERLOO	ABBA		02:35
Checked	R2			Watermelon Sugar	Harry Styles	Billboard Top 100 of 2022	02:52
Checked	R2			Waves	Imagine Dragons	Mercury - Acts 1 & 2	03:36
Checked	R2			WAVES (ROBIN SCHULZ RADIO EDIT)	MR PROBZ		03:23
Checked	SP1			WE ARE THE CHAMPIONS	Queen		02:56
Checked	G2			WE DON'T NEED ANOTHER HERO	Tina Turner		04:08
Checked	R2			We Don't Talk Anymore	Charlie Puth	Billboard Usa Top 100 Hits 2016	03:33
Checked	G1			WEATHER WITH YOU	CROWDED HOUSE		04:07
Checked	NB			WEHIKUŁ CZASU (UNPLUGGED)	DŻEM		05:45
Checked	G2			WE'LL BE TOGETHER	STING		04:29
Checked	R1			Weź Nie Pytaj	Paweł Domagała		04:20
Checked	G1			WHAT A FEELING (FLASHDANCE)	Irene Cara		03:52
Checked	SP1			What A Wonderful World	LOUIS ARMSTRONG		02:14
Checked	R2			What About Us	BRANDY		03:54
Checked	G2			WHAT CAN I DO	The Corrs		04:12
Checked	G1			WHAT'S LOVE GOT TO DO WITH IT	Tina Turner		03:35
Checked	G2			WHEN THE HEARTACHE IS OVER	Tina Turner		03:34
Checked	G2			WHEN THE NIGHT COMES	Joe Cocker		04:34
Checked	R2			When We Were Young	Adele	Billboard Usa Top 100 Hits 2016	04:40
Checked	G2			WHEN YOU'RE GONE	BRYAN ADAMS		03:22
Checked	R1			WHENEVER WHEREVER	SHAKIRA		03:14
Checked	R2			WHERE IS THE LOVE	THE BLACK EYED PEAS		04:27
Checked	R1			Wherever You Will Go	THE CALLING		03:24
Checked	R1			WHITE FLAG	DIDO		03:56
Checked	NB	WHY		Why	Annie Lennox		04:50
Checked	G2			WHY DOES IT ALWAYS RAIN ON ME	Travis		04:13
Checked	CF2			Why Why Why	SHAWN MENDES	Shawn	02:45
Checked	G1			Wicked Game	CHRIS ISAAK		04:44
Checked	SP2			Wielka woda	MARYLA RODOWICZ & ALIBABKI		05:07
Checked	R1			Wildest Dreams	Taylor Swift	Billboard Usa Top 100 Hits 2016	03:34
Checked	G1			WIND OF CHANGE	SCORPIONS		05:04
Checked	SP2			WIOSNA ACH TO TY	MAREK GRECHUTA		03:41
Checked	SP2			WITH A LITTLE HELP FROM MY FRIENDS	Joe Cocker		04:39
Checked	G1			With Or Without You	U2		04:46
Checked	G2			WITHOUT YOU	Mariah Carey		03:19
Checked	CF2			Wolne duchy	Męskie Granie Orkiestra; Daria Zawiałow; Mrozu; Kacperczyk	Wolne duchy (feat. Daria Zawiałow, Mrozu & Kacperczyk)	03:04
Checked	G2			WOMAN IN LOVE	BARBRA STREISAND		03:47
Checked	G2			Wonderful Life	BLACK		04:45
Checked	G1			Wonderwall	Oasis		04:14
Checked	CF2			Wszystko Jedno	NATALIA ZASTĘPA	Wszystko jedno	02:50
Checked	CF2			Wszystko Jedno	Video	Doskonale Wszystko Jedno (Edycja Specjalna)	03:14
Checked	SP2			WSZYSTKO MI MOWI ZE MNIE KTOS POKOCHAL	SKALDOWIE		02:13
Checked	G1			WSZYSTKO SIĘ MOŻE ZDARZYĆ	ANITA LIPNICKA		03:49
Checked	G2			WYPIJMY ZA BLEDY	RYSZARD RYNKOWSKI		04:45
Checked	G2			WYRZUĆ TEN GNIEW	KASIA KOWALSKA		04:03
Checked	G2			WYSZLAM ZA MAZ ZARAZ WRACAM	EWA BEM		04:09
Checked	SP2			Y.M.C.A.	VILLAGE PEOPLE		03:36
Checked	G2			Yellow	Coldplay	Billboard Top 100 of 2022	04:25
Checked	SP1			YESTERDAY	THE BEATLES		02:00
Checked	SP2			YOU ARE SO BEAUTIFUL	Joe Cocker		02:33
Checked	G1			YOU CAN'T HURRY LOVE	Phil Collins		02:45
Checked	G2			You Get What You Give	NEW RADICALS		04:07
Checked	G2			YOU GOT IT	ROY ORBISON		03:28
Checked	G2			You Gotta Be	Des'ree		03:50
Checked	R2			YOU KNOW I'M NO GOOD	AMY WINEHOUSE		04:11
Checked	G2			YOU LEARN	Alanis Morissette		03:54
Checked	R2			YOU MAY BE IN LOVE	BLUE CAFE		03:01
Checked	R2			YOU ROCK MY WORLD	Michael Jackson	INVINCIBLE	05:06
Checked	R1			YOU'RE BEAUTIFUL	JAMES BLUNT		03:12
Checked	G2			YOU'RE NOT ALONE	Michael Jackson		05:35
Checked	G1			YOU'RE STILL THE ONE	SHANIA TWAIN		03:30
Checked	R2			YOU'VE GOT THE LOVE	FLORENCE AND THE MACHINE		02:42
Checked	CF2			Z Tobą na chacie	DARIA ZAWIAŁOW	Z Tobą na chacie	03:02
Checked	R2			Z TOBĄ NIE UMIEM WYGRAĆ	ANIA DĄBROWSKA		04:01
Checked	R2			Za daleko	Mrozu feat. Vito Bambino		03:13
Checked	SP1			ZACZNIJ OD BACHA	ZBIGNIEW WODECKI	Zacznij od Bacha/Gwiazda nad tobą	04:20
Checked	G2			ZAKRECONA	RENI JUSIS		03:37
Checked	R1			ZALUJE	EWELINA FLINTA		03:27
Checked	G2			ZAMKI NA PIASKU	LADY PANK		04:21
Checked	R2			ZANIM PÓJDĘ	HAPPYSAD		04:09
Checked	G1			ZANIM ZROZUMIESZ	VARIUS MANX		03:01
Checked	G2			ZAOPIEKUJ SIĘ MNĄ	REZERWAT		05:00
Checked	NB			ZAWSZE TAM GDZIE TY	LADY PANK		04:12
Checked	CF1			Złamane serce jest OK	DARIA ZAWIAŁOW	Dziewczyna Pop	03:14
Checked	CF1			ZŁOTO	Mrozu		03:08
Checked	G2			ZOMBIE	The Cranberries		05:04
Checked	R2			Żurawie origami	MELA KOTELUK		03:33
Checked	R2			Życie To Krótki Sen	STANISLAW SOJKA		03:49
